{
  "lang":"en",
  "name":"model",
  "version":"0.0.0",
  "spacy_version":">=2.2.4",
  "description":"",
  "author":"",
  "email":"",
  "url":"",
  "license":"",
  "vectors":{
    "width":0,
    "vectors":0,
    "keys":0,
    "name":"spacy_pretrained_vectors"
  },
  "pipeline":[
    "ner"
  ],
  "factories":{
    "ner":"ner"
  },
  "labels":{
    "ner":[
      "CAB",
      "DIR",
      "FECHA",
      "INST",
      "LOC",
      "NAME",
      "NUM"
    ]
  },
  "accuracy":{
    "ents_f":97.0555678548,
    "ents_p":97.6827094474,
    "ents_r":96.4364276287,
    "ents_per_type":{
      "CAB":{
        "p":96.7842323651,
        "r":94.4331983806,
        "f":95.5942622951
      },
      "NUM":{
        "p":97.7508650519,
        "r":96.5811965812,
        "f":97.1625107481
      },
      "NAME":{
        "p":98.3964079538,
        "r":97.2116603295,
        "f":97.8004462863
      },
      "INST":{
        "p":97.4903474903,
        "r":99.2141453831,
        "f":98.3446932814
      },
      "FECHA":{
        "p":97.9695431472,
        "r":98.3439490446,
        "f":98.1563890655
      },
      "DIR":{
        "p":97.9591836735,
        "r":73.8461538462,
        "f":84.2105263158
      },
      "LOC":{
        "p":84.375,
        "r":75.0,
        "f":79.4117647059
      }
    },
    "token_acc":100.0
  },
  "speed":{
    "cpu":33072.4237141143,
    "gpu":null,
    "nwords":48171
  }
}